episode,advantage_mean,baseline_cost_mean,sampled_cost_mean,entropy_mean,tonn_cost_mean,sampled_minus_tonn
3051,-0.08684277534484863,8.521744728088379,8.608587265014648,0.2650247812271118,,
3052,-0.17065544426441193,8.544468879699707,8.715124130249023,0.27486586570739746,,
3053,-0.13870501518249512,8.564587593078613,8.703292846679688,0.2667882442474365,,
3054,-0.1670330911874771,8.555252075195312,8.722285270690918,0.2674728333950043,,
3055,-0.17869329452514648,8.573877334594727,8.752572059631348,0.2774059772491455,,
3056,-0.19190654158592224,8.432390213012695,8.624296188354492,0.27973484992980957,,
3057,-0.1502758115530014,8.512031555175781,8.662307739257812,0.27694135904312134,,
3058,-0.15557512640953064,8.571270942687988,8.726845741271973,0.2631426751613617,,
3059,-0.11555249243974686,8.57107162475586,8.686624526977539,0.2627732753753662,,
3060,-0.11967319250106812,8.457107543945312,8.576780319213867,0.26491090655326843,,
3061,-0.12344874441623688,8.701600074768066,8.825047492980957,0.2623070180416107,,
3062,-0.14304858446121216,8.680341720581055,8.823390007019043,0.2656889259815216,,
3063,-0.19647422432899475,8.544769287109375,8.741243362426758,0.26768025755882263,,
3064,-0.1592012494802475,8.52778434753418,8.686985969543457,0.2625386714935303,,
3065,-0.16453582048416138,8.512136459350586,8.676671981811523,0.2718782424926758,,
3066,-0.1617620885372162,8.50947380065918,8.671236038208008,0.2759883999824524,,
3067,-0.19577936828136444,8.443851470947266,8.639630317687988,0.2745429575443268,,
3068,-0.10331606864929199,8.510811805725098,8.614128112792969,0.26572126150131226,,
3069,-0.10454787313938141,8.720155715942383,8.82470417022705,0.2672848403453827,,
3070,-0.05868672579526901,8.615642547607422,8.67432975769043,0.28325149416923523,,
3071,-0.06913397461175919,8.612842559814453,8.681976318359375,0.2784996032714844,,
3072,-0.08564657717943192,8.425469398498535,8.511115074157715,0.2877718508243561,,
3073,-0.12539689242839813,8.546623229980469,8.672019958496094,0.29553812742233276,,
3074,-0.08338792622089386,8.585461616516113,8.66884994506836,0.29530778527259827,,
3075,-0.18614798784255981,8.565652847290039,8.751801490783691,0.29795950651168823,10.163662910461426,-1.411861777305603
3076,-0.18519651889801025,8.419389724731445,8.604586601257324,0.29759618639945984,,
3077,-0.11642483621835709,8.506567001342773,8.622991561889648,0.29077857732772827,,
3078,-0.15217375755310059,8.65550708770752,8.807680130004883,0.28729110956192017,,
3079,-0.2056206464767456,8.458094596862793,8.663715362548828,0.28191590309143066,,
3080,-0.055808309465646744,8.618896484375,8.674703598022461,0.2768486738204956,,
3081,-0.141412615776062,8.471338272094727,8.612751007080078,0.2745928168296814,,
3082,-0.13216444849967957,8.553056716918945,8.685220718383789,0.2763603925704956,,
3083,-0.11680739372968674,8.6048583984375,8.721665382385254,0.2676699161529541,,
3084,-0.1804824322462082,8.572589874267578,8.753071784973145,0.27644479274749756,,
3085,-0.18939854204654694,8.543981552124023,8.733379364013672,0.2647768259048462,,
3086,-0.16141849756240845,8.587091445922852,8.748509407043457,0.25739243626594543,,
3087,-0.12505365908145905,8.547679901123047,8.672733306884766,0.25792816281318665,,
3088,-0.13121040165424347,8.593801498413086,8.725011825561523,0.2584005892276764,,
3089,-0.10745549947023392,8.560328483581543,8.667783737182617,0.25832536816596985,,
3090,-0.07993936538696289,8.585370063781738,8.665308952331543,0.26060837507247925,,
3091,-0.1156296581029892,8.472585678100586,8.588215827941895,0.25843125581741333,,
3092,-0.07758656144142151,8.75021743774414,8.827803611755371,0.26478055119514465,,
3093,-0.10244907438755035,8.525008201599121,8.627457618713379,0.2678227722644806,,
3094,-0.1401979625225067,8.497537612915039,8.637735366821289,0.2635233998298645,,
3095,-0.10541284084320068,8.49030876159668,8.595721244812012,0.2767660319805145,,
3096,-0.08585020154714584,8.478740692138672,8.564592361450195,0.26573729515075684,,
3097,-0.04610089212656021,8.583127975463867,8.629229545593262,0.26974835991859436,,
3098,-0.06635782122612,8.546730041503906,8.61308765411377,0.2748495638370514,,
3099,-0.06460823118686676,8.580312728881836,8.644920349121094,0.2806223928928375,,
3100,-0.06253699958324432,8.443713188171387,8.50624942779541,0.28002697229385376,9.946897506713867,-1.4406476020812988
3101,-0.058894336223602295,8.595071792602539,8.653965950012207,0.2796327769756317,,
3102,-0.1280449628829956,8.559895515441895,8.68794059753418,0.29115042090415955,,
3103,-0.13544082641601562,8.595677375793457,8.731119155883789,0.29807236790657043,,
3104,-0.12930764257907867,8.58149528503418,8.71080207824707,0.28924793004989624,,
3105,-0.17429307103157043,8.514446258544922,8.688739776611328,0.2856948971748352,,
3106,-0.11756627261638641,8.57951831817627,8.697084426879883,0.28156623244285583,,
3107,-0.08831141889095306,8.57409954071045,8.6624116897583,0.2847263813018799,,
3108,-0.1607365608215332,8.559864044189453,8.720600128173828,0.27350157499313354,,
3109,-0.12959074974060059,8.485323905944824,8.614914894104004,0.2731858789920807,,
3110,-0.15442883968353271,8.632207870483398,8.786636352539062,0.2686811089515686,,
3111,-0.12986740469932556,8.510133743286133,8.64000129699707,0.26950135827064514,,
3112,-0.1034904271364212,8.467304229736328,8.570795059204102,0.26898765563964844,,
3113,-0.13437619805335999,8.560432434082031,8.694808959960938,0.2808089554309845,,
3114,-0.10853657126426697,8.511289596557617,8.619826316833496,0.28459998965263367,,
3115,-0.04901657998561859,8.513143539428711,8.56216049194336,0.289817750453949,,
3116,-0.10334746539592743,8.513900756835938,8.617249488830566,0.30752232670783997,,
3117,-0.11490251123905182,8.552988052368164,8.667890548706055,0.2994825541973114,,
3118,-0.10458850860595703,8.53200626373291,8.636594772338867,0.29189664125442505,,
3119,-0.09524684399366379,8.527938842773438,8.623186111450195,0.30125749111175537,,
3120,-0.07327336817979813,8.61176872253418,8.685043334960938,0.2918671667575836,,
3121,-0.08922181278467178,8.580894470214844,8.670116424560547,0.2767646312713623,,
3122,-0.10073590278625488,8.447227478027344,8.54796314239502,0.27280041575431824,,
3123,-0.056317299604415894,8.450197219848633,8.506515502929688,0.26078274846076965,,
3124,-0.07582615315914154,8.480104446411133,8.555931091308594,0.2747511863708496,,
3125,-0.026849225163459778,8.686491012573242,8.713339805603027,0.2659415304660797,10.185724258422852,-1.4723848104476929
3126,-0.07661433517932892,8.682310104370117,8.758925437927246,0.263944149017334,,
3127,-0.04329853504896164,8.593986511230469,8.637285232543945,0.26228317618370056,,
3128,-0.10177155584096909,8.489057540893555,8.590829849243164,0.2628718316555023,,
3129,-0.09917367994785309,8.483915328979492,8.583089828491211,0.26070234179496765,,
3130,-0.14494332671165466,8.538735389709473,8.68367862701416,0.2641676664352417,,
3131,-0.185377836227417,8.583039283752441,8.768416404724121,0.2666168212890625,,
3132,-0.14903533458709717,8.531784057617188,8.680818557739258,0.2605333626270294,,
3133,-0.15381386876106262,8.441625595092773,8.595439910888672,0.26036587357521057,,
3134,-0.11854945123195648,8.407695770263672,8.526246070861816,0.2706174850463867,,
3135,-0.0990542620420456,8.630511283874512,8.729565620422363,0.26781952381134033,,
3136,-0.10769867897033691,8.440672874450684,8.548372268676758,0.27182626724243164,,
3137,-0.0774528905749321,8.492425918579102,8.569878578186035,0.2701960802078247,,
3138,-0.024156514555215836,8.57179069519043,8.595946311950684,0.2700992524623871,,
3139,-0.09298337250947952,8.576703071594238,8.669686317443848,0.2761344909667969,,
3140,-0.11425858736038208,8.37375545501709,8.488014221191406,0.27361825108528137,,
3141,-0.0470409095287323,8.606526374816895,8.653566360473633,0.2700951099395752,,
3142,-0.07195423543453217,8.579825401306152,8.651779174804688,0.2703638970851898,,
3143,-0.11485432088375092,8.495915412902832,8.610770225524902,0.2663617432117462,,
3144,-0.08834049105644226,8.622762680053711,8.711103439331055,0.2588924467563629,,
3145,-0.0874640941619873,8.63313102722168,8.72059440612793,0.25747987627983093,,
3146,-0.0620141476392746,8.553979873657227,8.61599349975586,0.253991037607193,,
3147,-0.04707486182451248,8.597330093383789,8.644405364990234,0.24960806965827942,,
3148,-0.05544109642505646,8.479323387145996,8.534765243530273,0.25016355514526367,,
3149,-0.05060857534408569,8.502265930175781,8.552873611450195,0.24708044528961182,,
3150,-0.0886155217885971,8.569958686828613,8.658575057983398,0.25953808426856995,10.078702926635742,-1.420128345489502
3151,-0.08933841437101364,8.6515474319458,8.740884780883789,0.2512034773826599,,
3152,-0.11108827590942383,8.545671463012695,8.656759262084961,0.2457437366247177,,
3153,-0.08238095790147781,8.490586280822754,8.572967529296875,0.25403013825416565,,
3154,-0.11415130645036697,8.482264518737793,8.596416473388672,0.2493876963853836,,
3155,-0.07288223505020142,8.709745407104492,8.782628059387207,0.25665992498397827,,
3156,-0.09401729702949524,8.409149169921875,8.503166198730469,0.253421813249588,,
3157,-0.10578352212905884,8.565509796142578,8.671293258666992,0.25576284527778625,,
3158,-0.0930437222123146,8.608390808105469,8.701434135437012,0.2629699110984802,,
3159,-0.10233397781848907,8.489816665649414,8.592150688171387,0.25599393248558044,,
3160,-0.08864491432905197,8.417083740234375,8.505727767944336,0.26257428526878357,,
3161,-0.11541425436735153,8.539920806884766,8.65533447265625,0.2616516351699829,,
3162,-0.09148591756820679,8.584969520568848,8.6764554977417,0.26521962881088257,,
3163,-0.05788242816925049,8.482720375061035,8.540602684020996,0.2685265839099884,,
3164,-0.12376073747873306,8.464311599731445,8.588071823120117,0.2719441056251526,,
3165,-0.11025503277778625,8.469301223754883,8.57955551147461,0.26191675662994385,,
3166,-0.09960038959980011,8.527673721313477,8.627273559570312,0.27071645855903625,,
3167,-0.10452253371477127,8.50236701965332,8.606889724731445,0.2658586800098419,,
3168,-0.11540932953357697,8.527942657470703,8.643352508544922,0.2656455934047699,,
3169,-0.10741735994815826,8.424952507019043,8.532369613647461,0.26339292526245117,,
3170,-0.12091226875782013,8.49664306640625,8.617555618286133,0.2721409499645233,,
3171,-0.13432064652442932,8.56610107421875,8.700421333312988,0.26479578018188477,,
3172,-0.13412392139434814,8.512500762939453,8.646625518798828,0.2571636140346527,,
3173,-0.12535306811332703,8.494316101074219,8.619668960571289,0.2585521638393402,,
3174,-0.19291728734970093,8.352211952209473,8.54512882232666,0.2532833516597748,,
3175,-0.1294252574443817,8.572975158691406,8.702400207519531,0.24776390194892883,10.136357307434082,-1.4339573383331299
3176,-0.11174437403678894,8.623198509216309,8.734943389892578,0.2485131472349167,,
3177,-0.09213227033615112,8.515314102172852,8.607446670532227,0.24365846812725067,,
3178,-0.09941645711660385,8.591779708862305,8.69119644165039,0.2463274747133255,,
3179,-0.16353444755077362,8.610553741455078,8.774088859558105,0.2571510076522827,,
3180,-0.12445609271526337,8.496810913085938,8.621267318725586,0.25891172885894775,,
3181,-0.16814011335372925,8.549798965454102,8.717939376831055,0.2651730179786682,,
3182,-0.21089312434196472,8.582179069519043,8.793072700500488,0.26476940512657166,,
3183,-0.2569211423397064,8.51134204864502,8.76826286315918,0.2629043161869049,,
3184,-0.2649964690208435,8.580302238464355,8.845298767089844,0.2685502767562866,,
3185,-0.20123806595802307,8.535669326782227,8.736907958984375,0.26899445056915283,,
3186,-0.20340560376644135,8.54586410522461,8.749269485473633,0.26964160799980164,,
3187,-0.23037207126617432,8.484472274780273,8.71484375,0.2843179404735565,,
3188,-0.17966201901435852,8.626424789428711,8.806086540222168,0.26212963461875916,,
3189,-0.13549675047397614,8.57335090637207,8.708847045898438,0.2620365619659424,,
3190,-0.058173246681690216,8.601469039916992,8.659642219543457,0.24779295921325684,,
3191,-0.05475464463233948,8.490887641906738,8.545641899108887,0.2493269294500351,,
3192,-0.10462616384029388,8.434112548828125,8.538738250732422,0.24190174043178558,,
3193,-0.10462271422147751,8.483044624328613,8.587667465209961,0.24599941074848175,,
3194,-0.12684105336666107,8.452964782714844,8.579805374145508,0.25983500480651855,,
3195,-0.1013510450720787,8.420711517333984,8.522063255310059,0.25520849227905273,,
3196,-0.09280186891555786,8.486153602600098,8.578956604003906,0.25959205627441406,,
3197,-0.0992555171251297,8.477676391601562,8.57693099975586,0.25984835624694824,,
3198,-0.1447966992855072,8.482261657714844,8.627058029174805,0.2722615599632263,,
3199,-0.15639035403728485,8.539314270019531,8.695704460144043,0.26395556330680847,,
3200,-0.15704670548439026,8.650984764099121,8.80803108215332,0.255530446767807,10.266241073608398,-1.4582099914550781
3201,-0.10202525556087494,8.58935260772705,8.691377639770508,0.2673295736312866,,
3202,-0.09054551273584366,8.601699829101562,8.692244529724121,0.2673495411872864,,
3203,-0.05094873905181885,8.581331253051758,8.632280349731445,0.26533839106559753,,
3204,-0.12859652936458588,8.56875991821289,8.697355270385742,0.28076544404029846,,
3205,-0.10199859738349915,8.512585639953613,8.614584922790527,0.2764601707458496,,
3206,-0.04643967002630234,8.568784713745117,8.615224838256836,0.2753628194332123,,
3207,-0.09357553720474243,8.53158187866211,8.625158309936523,0.28214624524116516,,
3208,-0.05637723207473755,8.634450912475586,8.690828323364258,0.26997900009155273,,
3209,-0.08629114925861359,8.463682174682617,8.549973487854004,0.2749781608581543,,
3210,-0.0785115510225296,8.648119926452637,8.726632118225098,0.2728814482688904,,
3211,-0.08891628682613373,8.511028289794922,8.599945068359375,0.2877650558948517,,
3212,-0.08872878551483154,8.597332000732422,8.686060905456543,0.28757771849632263,,
3213,-0.09890417754650116,8.511889457702637,8.610794067382812,0.3089396059513092,,
3214,-0.06835519522428513,8.651388168334961,8.719743728637695,0.30642932653427124,,
3215,-0.05421214550733566,8.633768081665039,8.687979698181152,0.3072223663330078,,
3216,-0.09943810105323792,8.537374496459961,8.636812210083008,0.3047902584075928,,
3217,-0.05115243420004845,8.647500038146973,8.698651313781738,0.30236491560935974,,
3218,-0.11992117762565613,8.461105346679688,8.581027030944824,0.303687185049057,,
3219,-0.08417154848575592,8.706429481506348,8.79060173034668,0.29530802369117737,,
3220,-0.10179206728935242,8.556650161743164,8.658442497253418,0.28359970450401306,,
3221,-0.05537367984652519,8.561897277832031,8.617271423339844,0.2893971800804138,,
3222,-0.10346595197916031,8.712556838989258,8.816022872924805,0.28215456008911133,,
3223,-0.027530428022146225,8.521990776062012,8.549520492553711,0.28083163499832153,,
3224,-0.04520881548523903,8.507976531982422,8.55318546295166,0.2700629234313965,,
3225,-0.05939245969057083,8.56730842590332,8.626701354980469,0.2824682593345642,10.105031967163086,-1.4783308506011963
3226,-0.04480404406785965,8.609725952148438,8.654531478881836,0.2833293676376343,,
3227,-0.04574749618768692,8.499881744384766,8.545629501342773,0.2814490795135498,,
3228,-0.05969662219285965,8.56532096862793,8.625017166137695,0.3027319312095642,,
3229,-0.09230184555053711,8.538812637329102,8.631114959716797,0.2974972128868103,,
3230,-0.12426203489303589,8.482221603393555,8.606483459472656,0.29644975066185,,
3231,-0.09218528121709824,8.574945449829102,8.667129516601562,0.29357168078422546,,
3232,-0.0798729807138443,8.51382827758789,8.593701362609863,0.28854653239250183,,
3233,-0.08566597104072571,8.645792007446289,8.731457710266113,0.28670117259025574,,
3234,-0.0840265303850174,8.614042282104492,8.698068618774414,0.2797681987285614,,
3235,-0.07777764648199081,8.579256057739258,8.657033920288086,0.2794390618801117,,
3236,-0.14291712641716003,8.550146102905273,8.693063735961914,0.2673580050468445,,
3237,-0.09276123344898224,8.690145492553711,8.782905578613281,0.26474469900131226,,
3238,-0.10442429780960083,8.562788009643555,8.667211532592773,0.25920042395591736,,
3239,-0.08056601881980896,8.514185905456543,8.59475326538086,0.26329147815704346,,
3240,-0.08837686479091644,8.494711875915527,8.583088874816895,0.24591343104839325,,
3241,-0.04272976517677307,8.517916679382324,8.560646057128906,0.24459746479988098,,
3242,-0.07344461977481842,8.652825355529785,8.72627067565918,0.2386489361524582,,
3243,-0.06966473907232285,8.57929515838623,8.64896011352539,0.2435159534215927,,
3244,-0.10545527935028076,8.467615127563477,8.573070526123047,0.25508421659469604,,
3245,-0.08245615661144257,8.603994369506836,8.686450958251953,0.2568688690662384,,
3246,-0.05791909247636795,8.631448745727539,8.689367294311523,0.24392294883728027,,
3247,-0.03511939197778702,8.684066772460938,8.719185829162598,0.2519146502017975,,
3248,-0.057557180523872375,8.57062816619873,8.628185272216797,0.2500077188014984,,
3249,-0.06974925845861435,8.6622953414917,8.732044219970703,0.25063833594322205,,
3250,-0.08556266129016876,8.603195190429688,8.68875789642334,0.25565305352211,10.081411361694336,-1.3926528692245483
3251,-0.09271098673343658,8.491890907287598,8.584600448608398,0.25920820236206055,,
3252,-0.08078490197658539,8.610852241516113,8.69163703918457,0.2599455416202545,,
3253,-0.13074949383735657,8.563752174377441,8.694501876831055,0.25460344552993774,,
3254,-0.13853338360786438,8.46391487121582,8.602447509765625,0.2578461468219757,,
3255,-0.10126268863677979,8.573465347290039,8.674728393554688,0.2515072524547577,,
3256,-0.14513206481933594,8.486467361450195,8.631599426269531,0.2556685507297516,,
3257,-0.16864007711410522,8.601402282714844,8.770042419433594,0.26224035024642944,,
3258,-0.05224280804395676,8.60020923614502,8.652451515197754,0.26420584321022034,,
3259,-0.16126267611980438,8.56840705871582,8.729669570922852,0.2624029219150543,,
3260,-0.1366196870803833,8.64392375946045,8.78054428100586,0.25324511528015137,,
3261,-0.17146366834640503,8.591489791870117,8.76295280456543,0.2641918659210205,,
3262,-0.12127314507961273,8.555150985717773,8.676424026489258,0.2567625045776367,,
3263,-0.032735519111156464,8.562141418457031,8.594877243041992,0.26130935549736023,,
3264,-0.06815606355667114,8.691336631774902,8.759492874145508,0.2501943111419678,,
3265,-0.11334799975156784,8.512113571166992,8.62546157836914,0.25952380895614624,,
3266,-0.039093732833862305,8.70957088470459,8.748664855957031,0.2667979598045349,,
3267,-0.04401080310344696,8.594324111938477,8.638335227966309,0.2647101581096649,,
3268,-0.033244505524635315,8.385225296020508,8.41847038269043,0.2682063579559326,,
3269,-0.09795189648866653,8.514202117919922,8.612154006958008,0.286302775144577,,
3270,-0.09990084916353226,8.661760330200195,8.761661529541016,0.27920785546302795,,
3271,-0.06297663599252701,8.593239784240723,8.656216621398926,0.28096872568130493,,
3272,-0.07148974388837814,8.574682235717773,8.646171569824219,0.28939786553382874,,
3273,-0.10381282866001129,8.566629409790039,8.670441627502441,0.2667939364910126,,
3274,-0.033628933131694794,8.614509582519531,8.648138046264648,0.27088502049446106,,
3275,-0.046439796686172485,8.649909973144531,8.69635009765625,0.27310097217559814,10.145953178405762,-1.4496033191680908
3276,-0.01868836209177971,8.509695053100586,8.528383255004883,0.2599413990974426,,
3277,-0.05513482540845871,8.535940170288086,8.59107494354248,0.2604031264781952,,
3278,-0.0804206058382988,8.483854293823242,8.564274787902832,0.2588105797767639,,
3279,-0.14480961859226227,8.488926887512207,8.633736610412598,0.27050501108169556,,
3280,-0.20561175048351288,8.585344314575195,8.790956497192383,0.2694177031517029,,
3281,-0.16330453753471375,8.597662925720215,8.760968208312988,0.2703351676464081,,
3282,-0.14961136877536774,8.502376556396484,8.651987075805664,0.2544609606266022,,
3283,-0.0940716415643692,8.516881942749023,8.610953330993652,0.2660295069217682,,
3284,-0.07568221539258957,8.619430541992188,8.695113182067871,0.26496946811676025,,
3285,-0.10389188677072525,8.517523765563965,8.621416091918945,0.25642135739326477,,
3286,-0.03207198530435562,8.506647109985352,8.538719177246094,0.266918808221817,,
3287,-0.0674617663025856,8.494623184204102,8.562084197998047,0.2529216408729553,,
3288,-0.10093733668327332,8.557538032531738,8.658475875854492,0.2531956434249878,,
3289,-0.0981869176030159,8.604840278625488,8.70302677154541,0.25893667340278625,,
3290,-0.09377365559339523,8.488880157470703,8.58265209197998,0.254457950592041,,
3291,-0.05510932207107544,8.628829956054688,8.683939933776855,0.25053760409355164,,
3292,-0.10459241271018982,8.532505989074707,8.63709831237793,0.2629750669002533,,
3293,-0.0706779733300209,8.651113510131836,8.721792221069336,0.2603120505809784,,
3294,-0.1360977590084076,8.53550910949707,8.67160701751709,0.26029857993125916,,
3295,-0.07816411554813385,8.583272933959961,8.661437034606934,0.2691856324672699,,
3296,-0.11009407788515091,8.59605884552002,8.70615291595459,0.26736101508140564,,
3297,-0.07565570622682571,8.551997184753418,8.627654075622559,0.26323938369750977,,
3298,-0.05202427878975868,8.614891052246094,8.666914939880371,0.25692400336265564,,
3299,-0.07070622593164444,8.514261245727539,8.584967613220215,0.24969196319580078,,
3300,-0.10521649569272995,8.554994583129883,8.660211563110352,0.2588191032409668,10.074714660644531,-1.414504051208496
3301,-0.06235914304852486,8.533149719238281,8.59550952911377,0.2431141883134842,,
3302,-0.09578737616539001,8.596536636352539,8.692323684692383,0.24395084381103516,,
3303,-0.09131322801113129,8.706965446472168,8.79827880859375,0.25059816241264343,,
3304,-0.14678755402565002,8.642580032348633,8.789366722106934,0.24486172199249268,,
3305,-0.12963789701461792,8.722172737121582,8.851810455322266,0.24085743725299835,,
3306,-0.05889750272035599,8.667375564575195,8.726272583007812,0.24842815101146698,,
3307,-0.03168795257806778,8.67189884185791,8.70358657836914,0.2501194179058075,,
3308,-0.09890936315059662,8.524127006530762,8.62303638458252,0.24642008543014526,,
3309,-0.03552322834730148,8.714712142944336,8.750234603881836,0.24242252111434937,,
3310,-0.06494972854852676,8.546341896057129,8.611291885375977,0.2525295913219452,,
3311,-0.010221844539046288,8.693456649780273,8.703678131103516,0.25502723455429077,,
3312,-0.07414596527814865,8.675080299377441,8.749226570129395,0.26132732629776,,
3313,-0.03351575508713722,8.60051155090332,8.634027481079102,0.2711934745311737,,
3314,0.025500254705548286,8.68687629699707,8.661375045776367,0.26435548067092896,,
3315,-0.035130973905324936,8.61381721496582,8.648946762084961,0.2659124732017517,,
3316,0.009233031421899796,8.689552307128906,8.680319786071777,0.27377942204475403,,
3317,0.024680186063051224,8.528666496276855,8.503986358642578,0.27643805742263794,,
3318,-0.018567215651273727,8.558600425720215,8.577167510986328,0.2795332372188568,,
3319,0.04537821188569069,8.693586349487305,8.648208618164062,0.2708110809326172,,
3320,0.02689041756093502,8.54188346862793,8.514993667602539,0.2693169414997101,,
3321,-0.015142370015382767,8.546209335327148,8.56135082244873,0.2761605978012085,,
3322,0.0005297157913446426,8.653207778930664,8.652678489685059,0.2697552740573883,,
3323,0.0004234910011291504,8.641343116760254,8.64091968536377,0.27674418687820435,,
3324,-0.011847469955682755,8.66178035736084,8.673626899719238,0.27780336141586304,,
3325,0.05594491586089134,8.536317825317383,8.48037338256836,0.27294427156448364,10.02517032623291,-1.5447967052459717
3326,0.026032818481326103,8.662821769714355,8.636788368225098,0.2719878852367401,,
3327,0.050920091569423676,8.705684661865234,8.654765129089355,0.28808465600013733,,
3328,0.025494832545518875,8.580979347229004,8.555484771728516,0.2811657190322876,,
3329,0.011914122849702835,8.610929489135742,8.599016189575195,0.286986768245697,,
3330,-0.02119898423552513,8.671615600585938,8.692813873291016,0.2883775234222412,,
3331,-0.08569136261940002,8.690987586975098,8.776678085327148,0.2944042682647705,,
3332,-0.1004265546798706,8.714706420898438,8.815132141113281,0.3000332713127136,,
3333,-0.12437108159065247,8.633952140808105,8.758323669433594,0.2949862480163574,,
3334,-0.10602856427431107,8.701501846313477,8.807530403137207,0.3070125877857208,,
3335,-0.08860518783330917,8.632954597473145,8.721559524536133,0.2916291654109955,,
3336,-0.10405207425355911,8.626689910888672,8.730742454528809,0.3057105243206024,,
3337,-0.04981996864080429,8.681925773620605,8.731746673583984,0.2821580469608307,,
3338,-0.11349113285541534,8.588579177856445,8.702070236206055,0.29213032126426697,,
3339,-0.08173412084579468,8.625584602355957,8.707318305969238,0.27544617652893066,,
3340,-0.07048757374286652,8.516881942749023,8.587369918823242,0.2949550449848175,,
3341,-0.07797272503376007,8.587470054626465,8.66544246673584,0.28658780455589294,,
3342,-0.06698073446750641,8.619667053222656,8.68664836883545,0.29368001222610474,,
3343,-0.016767961904406548,8.751991271972656,8.768759727478027,0.28919950127601624,,
3344,-0.06785401701927185,8.519392013549805,8.58724594116211,0.2867993414402008,,
3345,-0.02102569490671158,8.68144416809082,8.702468872070312,0.29373684525489807,,
3346,-0.03134039789438248,8.660993576049805,8.692333221435547,0.2983904778957367,,
3347,0.019661422818899155,8.578672409057617,8.55901050567627,0.30472615361213684,,
3348,-0.03858382627367973,8.683847427368164,8.722431182861328,0.296002060174942,,
3349,0.004408339038491249,8.669328689575195,8.66491985321045,0.30025967955589294,,
3350,0.0044663287699222565,8.685290336608887,8.680824279785156,0.29564526677131653,10.087935447692871,-1.4071111679077148
3351,-0.10561400651931763,8.554098129272461,8.659711837768555,0.2948165237903595,,
3352,-0.1114131435751915,8.487998962402344,8.59941291809082,0.29383155703544617,,
3353,-0.05499187111854553,8.628631591796875,8.683623313903809,0.2817116677761078,,
3354,-0.047939129173755646,8.499351501464844,8.547290802001953,0.2778826653957367,,
3355,-0.12844687700271606,8.539271354675293,8.667717933654785,0.28126224875450134,,
3356,-0.11976170539855957,8.53760814666748,8.657369613647461,0.2842065393924713,,
3357,-0.0775456503033638,8.542959213256836,8.620505332946777,0.28513091802597046,,
3358,-0.10962291806936264,8.478161811828613,8.587784767150879,0.2765406668186188,,
3359,-0.11256007105112076,8.569063186645508,8.681623458862305,0.27313849329948425,,
3360,-0.15981456637382507,8.436656951904297,8.596471786499023,0.266946405172348,,
3361,-0.16468088328838348,8.575538635253906,8.740218162536621,0.27811166644096375,,
3362,-0.16040492057800293,8.531246185302734,8.691651344299316,0.2759111225605011,,
3363,-0.15690574049949646,8.690223693847656,8.847129821777344,0.285480797290802,,
3364,-0.19126662611961365,8.476024627685547,8.667291641235352,0.2798313498497009,,
3365,-0.12396997213363647,8.55752944946289,8.681499481201172,0.28830593824386597,,
3366,-0.15119099617004395,8.523486137390137,8.674676895141602,0.28229084610939026,,
3367,-0.11472416669130325,8.595026016235352,8.709749221801758,0.28013142943382263,,
3368,-0.1266874372959137,8.593578338623047,8.720266342163086,0.2741163372993469,,
3369,-0.03773784637451172,8.610983848571777,8.648721694946289,0.2697378396987915,,
3370,-0.09007188677787781,8.527982711791992,8.61805534362793,0.26952412724494934,,
3371,-0.06934425234794617,8.536932945251465,8.606277465820312,0.2633759081363678,,
3372,-0.007300436496734619,8.613334655761719,8.620635032653809,0.2714090645313263,,
3373,-0.064557284116745,8.579065322875977,8.643622398376465,0.2657327950000763,,
3374,-0.08049947023391724,8.558527946472168,8.63902759552002,0.26230669021606445,,
3375,-0.04795896261930466,8.470556259155273,8.518515586853027,0.26994094252586365,10.047579765319824,-1.52906334400177
3376,-0.1026892215013504,8.503626823425293,8.606315612792969,0.2865157425403595,,
3377,-0.1583484262228012,8.511452674865723,8.669801712036133,0.2973257303237915,,
3378,-0.11109711229801178,8.63865852355957,8.749756813049316,0.2912841737270355,,
3379,-0.14240479469299316,8.392623901367188,8.535028457641602,0.2843557894229889,,
3380,-0.15232115983963013,8.559926986694336,8.712246894836426,0.29056626558303833,,
3381,-0.05856960266828537,8.44723129272461,8.505800247192383,0.2790455222129822,,
3382,-0.06890970468521118,8.499139785766602,8.568049430847168,0.27500730752944946,,
3383,-0.05579385161399841,8.582328796386719,8.63812255859375,0.2871643900871277,,
3384,-0.0780397355556488,8.643024444580078,8.721064567565918,0.26574718952178955,,
3385,-0.11479733139276505,8.341306686401367,8.456104278564453,0.27395719289779663,,
3386,-0.12832093238830566,8.604804992675781,8.73312759399414,0.2715376317501068,,
3387,-0.09289272129535675,8.56010627746582,8.652998924255371,0.2743152379989624,,
3388,-0.1663205623626709,8.598987579345703,8.76530647277832,0.2595413029193878,,
3389,-0.13885906338691711,8.4738130569458,8.612671852111816,0.25174480676651,,
3390,-0.15382824838161469,8.453123092651367,8.606951713562012,0.24709738790988922,,
3391,-0.14403924345970154,8.467100143432617,8.611139297485352,0.2484569400548935,,
3392,-0.08834525942802429,8.392518043518066,8.480863571166992,0.2409953624010086,,
3393,-0.11699029058218002,8.636632919311523,8.753623962402344,0.2465124875307083,,
3394,-0.06797631829977036,8.587118148803711,8.655094146728516,0.2407987117767334,,
3395,-0.1747879683971405,8.51655387878418,8.691341400146484,0.23912091553211212,,
3396,-0.11928462237119675,8.519745826721191,8.639030456542969,0.24546141922473907,,
3397,-0.15383422374725342,8.367097854614258,8.520933151245117,0.2558022439479828,,
3398,-0.13601616024971008,8.544255256652832,8.68027114868164,0.2634337544441223,,
3399,-0.19429677724838257,8.49333381652832,8.687630653381348,0.27275776863098145,,
3400,-0.17785269021987915,8.524335861206055,8.702188491821289,0.2725774347782135,10.08043098449707,-1.3782427310943604
3401,-0.1274333894252777,8.743995666503906,8.871428489685059,0.27426260709762573,,
3402,-0.09303287416696548,8.709362030029297,8.80239486694336,0.2612994313240051,,
3403,-0.08482200652360916,8.691381454467773,8.776203155517578,0.2710472643375397,,
3404,-0.08819838613271713,8.5916109085083,8.6798095703125,0.2672453820705414,,
3405,-0.07827877998352051,8.633752822875977,8.712031364440918,0.26375702023506165,,
3406,-0.04098424315452576,8.672712326049805,8.71369743347168,0.25990691781044006,,
3407,-0.027929671108722687,8.732674598693848,8.760603904724121,0.25811392068862915,,
3408,-0.04821721464395523,8.744474411010742,8.792691230773926,0.2642587125301361,,
3409,-0.08086128532886505,8.689895629882812,8.770755767822266,0.2675309479236603,,
3410,-0.0157743152230978,8.664316177368164,8.680089950561523,0.2722722887992859,,
3411,-0.042343445122241974,8.59824275970459,8.640586853027344,0.26430270075798035,,
3412,-0.039996977895498276,8.69296646118164,8.732963562011719,0.2747763991355896,,
3413,-0.009718578308820724,8.747989654541016,8.757708549499512,0.2723720073699951,,
3414,-0.10220520198345184,8.702302932739258,8.804508209228516,0.27965205907821655,,
3415,-0.016528736799955368,8.597832679748535,8.614360809326172,0.2729215919971466,,
3416,-0.021198226138949394,8.694450378417969,8.715648651123047,0.26488053798675537,,
3417,0.004085129126906395,8.62407112121582,8.619986534118652,0.2739013433456421,,
3418,-0.034469686448574066,8.764485359191895,8.798955917358398,0.26284047961235046,,
3419,-0.002444036304950714,8.700845718383789,8.703289031982422,0.24755163490772247,,
3420,-0.032572679221630096,8.547662734985352,8.580236434936523,0.2644824981689453,,
3421,-0.012695245444774628,8.593982696533203,8.606678009033203,0.253856897354126,,
3422,0.015140648931264877,8.605257034301758,8.590116500854492,0.26226475834846497,,
3423,-0.011370684951543808,8.638120651245117,8.649491310119629,0.27124205231666565,,
3424,-0.0031453724950551987,8.682329177856445,8.685474395751953,0.2783958315849304,,
3425,-0.03390771150588989,8.69552993774414,8.729437828063965,0.2850794196128845,10.201571464538574,-1.4721331596374512
3426,-0.019221624359488487,8.568467140197754,8.587688446044922,0.28618481755256653,,
3427,0.024475935846567154,8.649276733398438,8.624801635742188,0.2844356298446655,,
3428,-0.06952852010726929,8.636245727539062,8.705774307250977,0.2899327874183655,,
3429,-0.03496934473514557,8.61489486694336,8.649864196777344,0.28500258922576904,,
3430,0.0287952683866024,8.538832664489746,8.51003646850586,0.283453106880188,,
3431,-0.05390720069408417,8.618705749511719,8.672613143920898,0.2742021977901459,,
3432,-0.0057562291622161865,8.638209342956543,8.643964767456055,0.27632689476013184,,
3433,0.01714335009455681,8.679689407348633,8.662546157836914,0.2683238089084625,,
3434,-0.008732181042432785,8.705541610717773,8.714274406433105,0.2556116580963135,,
3435,0.06034090369939804,8.49478816986084,8.434447288513184,0.25280138850212097,,
3436,0.026938900351524353,8.589335441589355,8.562397003173828,0.25341376662254333,,
3437,0.048510774970054626,8.770303726196289,8.721792221069336,0.24872438609600067,,
3438,0.01675979234278202,8.685617446899414,8.668856620788574,0.24733443558216095,,
3439,-0.029735926538705826,8.576547622680664,8.606284141540527,0.253142386674881,,
3440,0.0674465149641037,8.746676445007324,8.679229736328125,0.24691711366176605,,
3441,0.05022330582141876,8.615894317626953,8.56567096710205,0.25546586513519287,,
3442,-0.012080930173397064,8.584250450134277,8.596331596374512,0.24748775362968445,,
3443,0.01985750161111355,8.664316177368164,8.644458770751953,0.24393370747566223,,
3444,-0.04689688980579376,8.504633903503418,8.551531791687012,0.24241819977760315,,
3445,0.00655006431043148,8.668924331665039,8.662374496459961,0.2451917678117752,,
3446,-0.062020037323236465,8.770894050598145,8.832913398742676,0.23507586121559143,,
3447,0.006360413506627083,8.726064682006836,8.719704627990723,0.23963485658168793,,
3448,0.05269288271665573,8.53007984161377,8.477387428283691,0.2504819631576538,,
3449,0.043180592358112335,8.703546524047852,8.66036605834961,0.25924110412597656,,
3450,-0.015129655599594116,8.590704917907715,8.6058349609375,0.26646193861961365,10.091108322143555,-1.485274314880371
3451,-0.10139743238687515,8.473812103271484,8.57520866394043,0.2566426694393158,,
3452,-0.09022499620914459,8.616214752197266,8.706439971923828,0.25350257754325867,,
3453,-0.07352431863546371,8.621697425842285,8.695220947265625,0.24941611289978027,,
3454,-0.06688028573989868,8.60437297821045,8.671253204345703,0.239916130900383,,
3455,-0.06282488256692886,8.683219909667969,8.746045112609863,0.24063555896282196,,
3456,-0.07238341122865677,8.539695739746094,8.612079620361328,0.24537566304206848,,
3457,-0.06356389075517654,8.65311050415039,8.716672897338867,0.2470056116580963,,
3458,-0.05907466262578964,8.636148452758789,8.695222854614258,0.23553131520748138,,
3459,-0.07393602281808853,8.416691780090332,8.49062728881836,0.24908824265003204,,
3460,-0.07737316936254501,8.510765075683594,8.588138580322266,0.24277815222740173,,
3461,-0.07535386085510254,8.56927490234375,8.644628524780273,0.24739642441272736,,
3462,-0.10374917089939117,8.478658676147461,8.582408905029297,0.24112215638160706,,
3463,-0.09189899265766144,8.555591583251953,8.647491455078125,0.23692674934864044,,
3464,-0.09797240793704987,8.592382431030273,8.69035530090332,0.2448851615190506,,
3465,-0.15067973732948303,8.527359962463379,8.67803955078125,0.24492302536964417,,
3466,-0.1338709592819214,8.616470336914062,8.750341415405273,0.24625128507614136,,
3467,-0.25318700075149536,8.49548625946045,8.748672485351562,0.2579651474952698,,
3468,-0.24061931669712067,8.572362899780273,8.812982559204102,0.25054579973220825,,
3469,-0.2547450661659241,8.530491828918457,8.785236358642578,0.2620687484741211,,
3470,-0.2931641936302185,8.479872703552246,8.77303695678711,0.2527114450931549,,
3471,-0.24011293053627014,8.534801483154297,8.774914741516113,0.25723403692245483,,
3472,-0.18977627158164978,8.55301570892334,8.742793083190918,0.26548606157302856,,
3473,-0.19045689702033997,8.627653121948242,8.818109512329102,0.2658323645591736,,
3474,-0.17085346579551697,8.502325057983398,8.673177719116211,0.25984230637550354,,
3475,-0.16473907232284546,8.705087661743164,8.869827270507812,0.27006036043167114,10.18972396850586,-1.3198963403701782
3476,-0.2761484980583191,8.552804946899414,8.82895278930664,0.27481797337532043,,
3477,-0.20814791321754456,8.541467666625977,8.749614715576172,0.2733032703399658,,
3478,-0.2125975489616394,8.603644371032715,8.816242218017578,0.2777782380580902,,
3479,-0.204793781042099,8.605976104736328,8.810770034790039,0.279246985912323,,
3480,-0.19568893313407898,8.522441864013672,8.718132019042969,0.2802715003490448,,
3481,-0.20508766174316406,8.600188255310059,8.805276870727539,0.281597763299942,,
3482,-0.20857691764831543,8.442617416381836,8.651193618774414,0.28356313705444336,,
3483,-0.1648639291524887,8.366996765136719,8.531861305236816,0.29074302315711975,,
3484,-0.08698409795761108,8.666860580444336,8.753844261169434,0.302035391330719,,
3485,-0.12340182811021805,8.643426895141602,8.766829490661621,0.30348196625709534,,
3486,-0.1157381534576416,8.496204376220703,8.611942291259766,0.30009469389915466,,
3487,-0.15180259943008423,8.46669864654541,8.618500709533691,0.3132696747779846,,
3488,-0.11943191289901733,8.585855484008789,8.705286026000977,0.30692869424819946,,
3489,-0.0931268110871315,8.590394973754883,8.683521270751953,0.3059559762477875,,
3490,-0.02037837542593479,8.487031936645508,8.507410049438477,0.3087342381477356,,
3491,-0.1401398479938507,8.608291625976562,8.748432159423828,0.29482313990592957,,
3492,-0.0552930124104023,8.473505973815918,8.528799057006836,0.31421053409576416,,
3493,-0.057591237127780914,8.506881713867188,8.564472198486328,0.31148332357406616,,
3494,-0.07706155627965927,8.57625961303711,8.6533203125,0.3118123710155487,,
3495,-0.15619546175003052,8.560431480407715,8.71662712097168,0.3063027858734131,,
3496,-0.1723676323890686,8.471052169799805,8.64341926574707,0.3212345838546753,,
3497,-0.14942526817321777,8.520010948181152,8.669435501098633,0.31791001558303833,,
3498,-0.19968709349632263,8.51254940032959,8.712236404418945,0.3089151680469513,,
3499,-0.18683022260665894,8.48342514038086,8.670255661010742,0.29835042357444763,,
3500,-0.19123028218746185,8.465831756591797,8.657062530517578,0.2912510931491852,10.049638748168945,-1.3925774097442627
3501,-0.18973493576049805,8.682249069213867,8.871984481811523,0.28680309653282166,,
3502,-0.10789487510919571,8.553983688354492,8.66187858581543,0.2818584442138672,,
3503,-0.106125608086586,8.71109390258789,8.817219734191895,0.28507620096206665,,
3504,-0.06276333332061768,8.602084159851074,8.664847373962402,0.2947739362716675,,
3505,-0.06687533855438232,8.733480453491211,8.800355911254883,0.29277175664901733,,
3506,-0.06441685557365417,8.61137866973877,8.67579460144043,0.28166255354881287,,
3507,-0.027638357132673264,8.643274307250977,8.670912742614746,0.2818276286125183,,
3508,-0.015706302598118782,8.71891975402832,8.734625816345215,0.2791345715522766,,
3509,-0.07048260420560837,8.62484359741211,8.69532585144043,0.28110215067863464,,
3510,-0.08999335765838623,8.641385078430176,8.731378555297852,0.2767535150051117,,
3511,-0.07994591444730759,8.644676208496094,8.72462272644043,0.2791730463504791,,
3512,-0.10735130310058594,8.590571403503418,8.697922706604004,0.2781997323036194,,
3513,-0.08564172685146332,8.591445922851562,8.677087783813477,0.2820064425468445,,
3514,-0.14034655690193176,8.571853637695312,8.712201118469238,0.29626938700675964,,
3515,-0.08937011659145355,8.622944831848145,8.71231460571289,0.29208067059516907,,
3516,-0.09952139854431152,8.549771308898926,8.6492919921875,0.28504517674446106,,
3517,-0.05989551544189453,8.617412567138672,8.677308082580566,0.2903684377670288,,
3518,-0.0032269787043333054,8.63924789428711,8.642475128173828,0.26950597763061523,,
3519,0.0001023709774017334,8.498838424682617,8.498736381530762,0.2664075791835785,,
3520,-0.042322274297475815,8.644613265991211,8.686934471130371,0.26219022274017334,,
3521,0.032080598175525665,8.65468692779541,8.62260627746582,0.2551937997341156,,
3522,0.002488415688276291,8.508111953735352,8.505623817443848,0.2582528591156006,,
3523,-0.03329303115606308,8.646829605102539,8.680121421813965,0.26171740889549255,,
3524,-0.006996266543865204,8.665902137756348,8.672898292541504,0.26123613119125366,,
3525,-0.020709358155727386,8.75153636932373,8.772245407104492,0.25613081455230713,10.155045509338379,-1.382799506187439
3526,-0.08340863883495331,8.628166198730469,8.71157455444336,0.2659042477607727,,
3527,-0.08793617784976959,8.570975303649902,8.658910751342773,0.2739812433719635,,
3528,-0.05610983818769455,8.638348579406738,8.6944580078125,0.27217891812324524,,
3529,-0.022034713998436928,8.546753883361816,8.568788528442383,0.27573782205581665,,
3530,-0.05816954746842384,8.593186378479004,8.651355743408203,0.27725037932395935,,
3531,-0.018343936651945114,8.639942169189453,8.658285140991211,0.29169243574142456,,
3532,-0.019883058965206146,8.621997833251953,8.64188003540039,0.27948853373527527,,
3533,-0.07827306538820267,8.654136657714844,8.732410430908203,0.28728774189949036,,
3534,0.00724710151553154,8.771284103393555,8.764037132263184,0.2899870276451111,,
3535,-0.06904372572898865,8.739433288574219,8.808477401733398,0.2812124490737915,,
3536,0.03417004644870758,8.636955261230469,8.602785110473633,0.2833385467529297,,
3537,-0.000324297696352005,8.652732849121094,8.653057098388672,0.269542396068573,,
3538,0.03421524912118912,8.606858253479004,8.57264232635498,0.2739737629890442,,
3539,0.0015484876930713654,8.649858474731445,8.648309707641602,0.2728932797908783,,
3540,0.097415491938591,8.769512176513672,8.672096252441406,0.26114127039909363,,
3541,0.048434894531965256,8.660810470581055,8.612375259399414,0.2685493528842926,,
3542,0.009422311559319496,8.562716484069824,8.553295135498047,0.2671733498573303,,
3543,0.05718899890780449,8.592826843261719,8.535636901855469,0.2615618407726288,,
3544,-0.03763013333082199,8.638076782226562,8.67570686340332,0.25678807497024536,,
3545,-0.03581290692090988,8.760614395141602,8.796426773071289,0.2537054419517517,,
3546,-0.08868923783302307,8.689068794250488,8.77775764465332,0.2611689567565918,,
3547,-0.07868512719869614,8.635066032409668,8.713750839233398,0.24892020225524902,,
3548,-0.0662364587187767,8.655471801757812,8.721708297729492,0.25154486298561096,,
3549,-0.013687800616025925,8.675376892089844,8.689064979553223,0.2521487772464752,,
3550,-0.05909210070967674,8.581014633178711,8.640107154846191,0.24846816062927246,9.955984115600586,-1.3158767223358154
3551,-0.07850426435470581,8.530101776123047,8.608606338500977,0.2416778951883316,,
3552,-0.09399939328432083,8.676912307739258,8.770912170410156,0.23905114829540253,,
3553,-0.11846033483743668,8.524930953979492,8.643390655517578,0.2529357075691223,,
3554,-0.0913846492767334,8.62517261505127,8.716557502746582,0.24198536574840546,,
3555,-0.1059098169207573,8.606759071350098,8.712669372558594,0.2530551254749298,,
3556,-0.06640704721212387,8.522043228149414,8.58845043182373,0.2522374093532562,,
3557,-0.04626397043466568,8.603286743164062,8.649551391601562,0.25581490993499756,,
3558,-0.04603978618979454,8.705451965332031,8.751492500305176,0.25407874584198,,
3559,-0.10464499145746231,8.594619750976562,8.699263572692871,0.2511780858039856,,
3560,-0.03372021019458771,8.57807731628418,8.611797332763672,0.2553304433822632,,
3561,-0.006763314828276634,8.55145263671875,8.558216094970703,0.24713782966136932,,
3562,0.008875856176018715,8.51415729522705,8.505281448364258,0.25431373715400696,,
3563,0.041421566158533096,8.529523849487305,8.488101959228516,0.25501367449760437,,
3564,0.000981900840997696,8.580696105957031,8.579713821411133,0.2546117603778839,,
3565,-0.01599479652941227,8.503990173339844,8.51998519897461,0.25315508246421814,,
3566,-0.009506439790129662,8.694379806518555,8.703886032104492,0.2487465888261795,,
3567,-0.1287565529346466,8.553102493286133,8.681859016418457,0.2565782070159912,,
3568,-0.06656941026449203,8.501601219177246,8.568170547485352,0.2563977837562561,,
3569,-0.10150828957557678,8.607004165649414,8.708512306213379,0.26582521200180054,,
3570,-0.14520691335201263,8.527862548828125,8.673069953918457,0.26960548758506775,,
3571,-0.10852085798978806,8.577396392822266,8.685916900634766,0.2707013785839081,,
3572,-0.10878186672925949,8.614411354064941,8.723193168640137,0.2810268998146057,,
3573,-0.07281322032213211,8.6024808883667,8.675293922424316,0.2711751461029053,,
3574,-0.0770883560180664,8.480219841003418,8.557308197021484,0.26645979285240173,,
3575,-0.06034042686223984,8.540496826171875,8.600837707519531,0.26818108558654785,10.137652397155762,-1.5368150472640991
3576,-0.05144704878330231,8.556933403015137,8.608381271362305,0.2676514685153961,,
3577,-0.0853576511144638,8.576347351074219,8.661705017089844,0.2606356143951416,,
3578,-0.05998872220516205,8.67838191986084,8.738370895385742,0.2554815411567688,,
3579,-0.08871066570281982,8.667951583862305,8.756661415100098,0.25619158148765564,,
3580,-0.05618715658783913,8.692094802856445,8.748281478881836,0.2619255781173706,,
3581,-0.078788161277771,8.544351577758789,8.623140335083008,0.25120100378990173,,
3582,-0.04606528952717781,8.631978988647461,8.678044319152832,0.26271355152130127,,
3583,-0.05517378821969032,8.624552726745605,8.679725646972656,0.25758519768714905,,
3584,-0.06337567418813705,8.528077125549316,8.591452598571777,0.2622908651828766,,
3585,-0.05888083577156067,8.549661636352539,8.608541488647461,0.24972309172153473,,
3586,-0.06095173954963684,8.697023391723633,8.757974624633789,0.24206435680389404,,
3587,-0.08401590585708618,8.535029411315918,8.61904525756836,0.2476882040500641,,
3588,-0.0756128579378128,8.575629234313965,8.651243209838867,0.24670836329460144,,
3589,-0.06252055615186691,8.612617492675781,8.675138473510742,0.23504012823104858,,
3590,0.0023303572088479996,8.6365966796875,8.634267807006836,0.24009113013744354,,
3591,-0.014709694311022758,8.481956481933594,8.496665954589844,0.24019953608512878,,
3592,-0.0067196376621723175,8.621854782104492,8.62857437133789,0.2337043285369873,,
3593,-0.026218904182314873,8.495738983154297,8.521957397460938,0.2355150580406189,,
3594,-0.004165202379226685,8.54103946685791,8.545204162597656,0.23267702758312225,,
3595,-0.06165130063891411,8.704054832458496,8.765707015991211,0.24158713221549988,,
3596,-0.04713915288448334,8.586597442626953,8.633735656738281,0.23850901424884796,,
3597,-0.10122539848089218,8.60066032409668,8.701887130737305,0.23528023064136505,,
3598,-0.10601871460676193,8.585996627807617,8.6920166015625,0.2398814707994461,,
3599,-0.05887322127819061,8.620668411254883,8.679540634155273,0.24813082814216614,,
3600,-0.0811227560043335,8.535226821899414,8.616350173950195,0.24707503616809845,10.033077239990234,-1.4167273044586182
3601,-0.05355560779571533,8.727497100830078,8.781052589416504,0.24834193289279938,,
3602,-0.08897821605205536,8.666311264038086,8.755289077758789,0.24223445355892181,,
3603,-0.07071744650602341,8.616352081298828,8.687068939208984,0.2483670711517334,,
3604,-0.08995553106069565,8.641841888427734,8.73179817199707,0.2517889440059662,,
3605,-0.04758690297603607,8.58001708984375,8.627603530883789,0.2620159089565277,,
3606,0.015370920300483704,8.51156997680664,8.496198654174805,0.2656027376651764,,
3607,-0.0332706943154335,8.693129539489746,8.726400375366211,0.25315916538238525,,
3608,-0.07345917820930481,8.558022499084473,8.631481170654297,0.25770071148872375,,
3609,-0.12324969470500946,8.663768768310547,8.787018775939941,0.25014007091522217,,
3610,-0.2059536725282669,8.63917350769043,8.84512710571289,0.2500624358654022,,
3611,-0.09505432099103928,8.7069091796875,8.801963806152344,0.2589769959449768,,
3612,-0.17302614450454712,8.691913604736328,8.86493968963623,0.2596499025821686,,
3613,-0.12201740592718124,8.547122955322266,8.669140815734863,0.2667138874530792,,
3614,-0.20156647264957428,8.535270690917969,8.736837387084961,0.27205994725227356,,
3615,-0.13622671365737915,8.557476997375488,8.693703651428223,0.2762453854084015,,
3616,-0.14349667727947235,8.563424110412598,8.706920623779297,0.28346002101898193,,
3617,-0.08949622511863708,8.609464645385742,8.698960304260254,0.27921566367149353,,
3618,0.005809353664517403,8.539777755737305,8.533967971801758,0.2671207785606384,,
3619,-0.05095907300710678,8.566116333007812,8.617076873779297,0.26385900378227234,,
3620,0.011295314878225327,8.641167640686035,8.62987232208252,0.2550846040248871,,
3621,-0.040985867381095886,8.656669616699219,8.697654724121094,0.2511097490787506,,
3622,-0.0690106600522995,8.575775146484375,8.644786834716797,0.24805013835430145,,
3623,-0.06466922909021378,8.536543846130371,8.601213455200195,0.23818936944007874,,
3624,-0.10656716674566269,8.47494125366211,8.58150863647461,0.25147318840026855,,
3625,-0.0956462100148201,8.71293830871582,8.808585166931152,0.2528931498527527,10.23769760131836,-1.4291129112243652
3626,-0.129609614610672,8.653085708618164,8.782695770263672,0.2550509572029114,,
3627,-0.11035994440317154,8.664299011230469,8.774660110473633,0.26373326778411865,,
3628,-0.07485824823379517,8.696538925170898,8.77139663696289,0.26329198479652405,,
3629,-0.07298409938812256,8.629746437072754,8.702730178833008,0.2722656726837158,,
3630,-0.09341594576835632,8.65306282043457,8.746479034423828,0.2778254747390747,,
3631,-0.08605392277240753,8.519460678100586,8.605515480041504,0.2758499085903168,,
3632,-0.03928159922361374,8.625487327575684,8.664769172668457,0.27445656061172485,,
3633,-0.011726625263690948,8.59705638885498,8.608783721923828,0.26868337392807007,,
3634,-0.02672155387699604,8.632180213928223,8.65890121459961,0.2772728502750397,,
3635,-0.04861713945865631,8.588949203491211,8.637565612792969,0.27689602971076965,,
3636,-0.03962964192032814,8.544986724853516,8.584616661071777,0.27570241689682007,,
3637,-0.05082641914486885,8.510555267333984,8.561382293701172,0.27633094787597656,,
3638,-0.057392410933971405,8.470895767211914,8.528287887573242,0.2836402952671051,,
3639,-0.04061872512102127,8.54927921295166,8.589898109436035,0.28697311878204346,,
3640,-0.04436779022216797,8.58614730834961,8.630514144897461,0.2872698903083801,,
3641,0.015103723853826523,8.658949851989746,8.64384651184082,0.26847150921821594,,
3642,-0.010256290435791016,8.69151496887207,8.70177173614502,0.2644965648651123,,
3643,0.016623465344309807,8.591171264648438,8.57454776763916,0.27600958943367004,,
3644,0.019778074696660042,8.592975616455078,8.573197364807129,0.27548956871032715,,
3645,0.05394621938467026,8.687064170837402,8.63311767578125,0.27061986923217773,,
3646,-0.023015255108475685,8.550819396972656,8.573835372924805,0.2798428535461426,,
3647,0.0121536236256361,8.612930297851562,8.600775718688965,0.2814885675907135,,
3648,0.008893294259905815,8.581320762634277,8.572427749633789,0.2700401842594147,,
3649,-0.0007245298475027084,8.66498851776123,8.665712356567383,0.2675830125808716,,
3650,0.029844842851161957,8.599837303161621,8.569992065429688,0.2690431773662567,10.008683204650879,-1.4386913776397705
3651,-0.07105861604213715,8.543442726135254,8.614500045776367,0.2520104944705963,,
3652,-0.08583207428455353,8.462455749511719,8.548287391662598,0.2683454751968384,,
3653,-0.11117853224277496,8.49670124053955,8.607879638671875,0.25464072823524475,,
3654,-0.11817243695259094,8.477092742919922,8.595266342163086,0.24633526802062988,,
3655,-0.08433295786380768,8.47087287902832,8.555205345153809,0.24769367277622223,,
3656,-0.13813899457454681,8.447357177734375,8.58549690246582,0.24914900958538055,,
3657,-0.11739324778318405,8.499740600585938,8.617134094238281,0.2522018551826477,,
3658,-0.16122663021087646,8.45447826385498,8.615705490112305,0.24934779107570648,,
3659,-0.11671537160873413,8.49577522277832,8.612489700317383,0.25236937403678894,,
3660,-0.11164319515228271,8.486520767211914,8.598163604736328,0.24190683662891388,,
3661,-0.18832068145275116,8.38370132446289,8.572021484375,0.24354761838912964,,
3662,-0.18639767169952393,8.447183609008789,8.633581161499023,0.2550119459629059,,
3663,-0.1551719307899475,8.442831039428711,8.598003387451172,0.2580849528312683,,
3664,-0.14352695643901825,8.429403305053711,8.572929382324219,0.2543264925479889,,
3665,-0.12307970970869064,8.489640235900879,8.612720489501953,0.25930076837539673,,
3666,-0.16375461220741272,8.533919334411621,8.697673797607422,0.25986814498901367,,
3667,-0.08727400004863739,8.428451538085938,8.515724182128906,0.25179314613342285,,
3668,-0.14144021272659302,8.388129234313965,8.529569625854492,0.24880917370319366,,
3669,-0.109623022377491,8.516386032104492,8.626009941101074,0.2511538565158844,,
3670,-0.08942399173974991,8.537813186645508,8.627237319946289,0.2367360144853592,,
3671,-0.10247108340263367,8.489141464233398,8.591611862182617,0.2444072663784027,,
3672,-0.11709068715572357,8.491405487060547,8.608495712280273,0.2506561875343323,,
3673,-0.09699171781539917,8.49349594116211,8.59048843383789,0.23981337249279022,,
3674,-0.09697553515434265,8.397004127502441,8.493980407714844,0.24098049104213715,,
3675,-0.11663196980953217,8.43526840209961,8.551900863647461,0.23950837552547455,10.117460250854492,-1.5655587911605835
3676,-0.14529864490032196,8.402807235717773,8.548105239868164,0.2490730583667755,,
3677,-0.1368856430053711,8.530967712402344,8.667853355407715,0.24980397522449493,,
3678,-0.18117907643318176,8.335322380065918,8.516500473022461,0.24288347363471985,,
3679,-0.1530100554227829,8.563427925109863,8.716438293457031,0.2452288419008255,,
3680,-0.132380872964859,8.46761703491211,8.599997520446777,0.2462257444858551,,
3681,-0.14349570870399475,8.433652877807617,8.5771484375,0.24473552405834198,,
3682,-0.14365366101264954,8.403425216674805,8.547079086303711,0.24192923307418823,,
3683,-0.07335604727268219,8.392729759216309,8.466085433959961,0.24360446631908417,,
3684,-0.12100066244602203,8.449651718139648,8.57065200805664,0.24177421629428864,,
3685,-0.10205656290054321,8.47215461730957,8.574210166931152,0.2525424361228943,,
3686,-0.16894951462745667,8.488499641418457,8.657448768615723,0.25030097365379333,,
3687,-0.10404787957668304,8.525254249572754,8.629301071166992,0.2534041702747345,,
3688,-0.14175939559936523,8.492986679077148,8.634745597839355,0.23534546792507172,,
3689,-0.09650980681180954,8.57784652709961,8.674355506896973,0.25433751940727234,,
3690,-0.06589236110448837,8.587800025939941,8.653692245483398,0.24540100991725922,,
3691,-0.09639174491167068,8.435742378234863,8.532133102416992,0.25708556175231934,,
3692,-0.11581096798181534,8.473063468933105,8.588874816894531,0.2610325515270233,,
3693,-0.15854611992835999,8.522087097167969,8.680632591247559,0.2666758894920349,,
3694,-0.10354714095592499,8.630571365356445,8.734119415283203,0.2708931565284729,,
3695,-0.1105775237083435,8.440291404724121,8.55086898803711,0.28199073672294617,,
3696,-0.12690293788909912,8.517282485961914,8.644185066223145,0.2734224796295166,,
3697,-0.13554619252681732,8.489429473876953,8.62497615814209,0.2818666994571686,,
3698,-0.14045259356498718,8.495119094848633,8.63557243347168,0.2833309769630432,,
3699,-0.11982588469982147,8.424845695495605,8.544672012329102,0.2745068073272705,,
3700,-0.17098480463027954,8.396095275878906,8.567079544067383,0.28746891021728516,10.007948875427246,-1.440869927406311
3701,-0.08089131861925125,8.395162582397461,8.476053237915039,0.2935423254966736,,
3702,-0.10030288994312286,8.550603866577148,8.650907516479492,0.2771235704421997,,
3703,-0.10663747042417526,8.487545013427734,8.594182968139648,0.284924179315567,,
3704,-0.14314649999141693,8.485389709472656,8.628536224365234,0.28252917528152466,,
3705,-0.14451569318771362,8.507463455200195,8.651979446411133,0.28474143147468567,,
3706,-0.04494914785027504,8.504274368286133,8.549222946166992,0.275395929813385,,
3707,-0.10445182770490646,8.535236358642578,8.639686584472656,0.28466615080833435,,
3708,-0.07833556830883026,8.431482315063477,8.509819030761719,0.2832385301589966,,
3709,-0.07213172316551208,8.496536254882812,8.5686674118042,0.2834116518497467,,
3710,-0.05055554583668709,8.464157104492188,8.514713287353516,0.28431248664855957,,
3711,-0.05459741875529289,8.613107681274414,8.667705535888672,0.28888359665870667,,
3712,-0.0837169885635376,8.457162857055664,8.540879249572754,0.28049981594085693,,
3713,-0.07302843034267426,8.55899429321289,8.6320219039917,0.2871132493019104,,
3714,-0.06398730725049973,8.513489723205566,8.577476501464844,0.2908940613269806,,
3715,-0.11647369712591171,8.34664535522461,8.463119506835938,0.27913954854011536,,
3716,-0.14480681717395782,8.57715892791748,8.721965789794922,0.27924951910972595,,
3717,-0.050279296934604645,8.586827278137207,8.637105941772461,0.2811628580093384,,
3718,-0.051761724054813385,8.545981407165527,8.59774398803711,0.2756902277469635,,
3719,-0.08951451629400253,8.470355987548828,8.559870719909668,0.2780887484550476,,
3720,-0.032564230263233185,8.65610122680664,8.688665390014648,0.2587021291255951,,
3721,-0.10030584037303925,8.536613464355469,8.636919021606445,0.2635660767555237,,
3722,-0.11158555746078491,8.522773742675781,8.634359359741211,0.26296374201774597,,
3723,-0.04477585852146149,8.510489463806152,8.555265426635742,0.264999121427536,,
3724,-0.08377960324287415,8.57662582397461,8.660405158996582,0.27252858877182007,,
3725,-0.13045120239257812,8.468644142150879,8.599095344543457,0.26766371726989746,10.073311805725098,-1.4742169380187988
3726,-0.09161925315856934,8.53434944152832,8.625967979431152,0.2637314796447754,,
3727,-0.10544493794441223,8.498510360717773,8.60395622253418,0.2594183385372162,,
3728,-0.12021765112876892,8.522457122802734,8.642675399780273,0.2636363208293915,,
3729,-0.15324270725250244,8.501466751098633,8.654708862304688,0.2797979712486267,,
3730,-0.11936846375465393,8.51392936706543,8.63329792022705,0.2613227665424347,,
3731,-0.08879755437374115,8.499347686767578,8.588146209716797,0.27448853850364685,,
3732,-0.1155833825469017,8.35562515258789,8.471207618713379,0.27125898003578186,,
3733,-0.11405198276042938,8.461738586425781,8.575790405273438,0.2649010717868805,,
3734,-0.04890594631433487,8.447714805603027,8.496620178222656,0.26924559473991394,,
3735,-0.10343359410762787,8.538475036621094,8.641908645629883,0.26157793402671814,,
3736,-0.09206662327051163,8.503137588500977,8.595203399658203,0.27168160676956177,,
3737,-0.0729399025440216,8.42991828918457,8.50285816192627,0.2727821469306946,,
3738,-0.08146113157272339,8.516183853149414,8.597644805908203,0.268999844789505,,
3739,-0.11098504066467285,8.462594985961914,8.573579788208008,0.2658695876598358,,
3740,-0.16136875748634338,8.552850723266602,8.714219093322754,0.2730572521686554,,
3741,-0.09855720400810242,8.447881698608398,8.546438217163086,0.26406189799308777,,
3742,-0.1275375485420227,8.406438827514648,8.533977508544922,0.27498337626457214,,
3743,-0.1642235815525055,8.492090225219727,8.656314849853516,0.25770384073257446,,
3744,-0.12930504977703094,8.55180549621582,8.681111335754395,0.25805073976516724,,
3745,-0.10636095702648163,8.543569564819336,8.649930000305176,0.2608572542667389,,
3746,-0.1486133337020874,8.554943084716797,8.703556060791016,0.26302370429039,,
3747,-0.13299141824245453,8.417536735534668,8.550527572631836,0.25484582781791687,,
3748,-0.16077110171318054,8.479657173156738,8.64042854309082,0.25737300515174866,,
3749,-0.15834000706672668,8.500514030456543,8.658853530883789,0.26617276668548584,,
3750,-0.23801490664482117,8.50627326965332,8.74428939819336,0.27107980847358704,10.112398147583008,-1.3681094646453857
3751,-0.13161802291870117,8.489933967590332,8.621551513671875,0.2623986601829529,,
3752,-0.07857703417539597,8.562019348144531,8.640596389770508,0.2726627290248871,,
3753,-0.02183694578707218,8.822040557861328,8.843877792358398,0.2755659818649292,,
3754,0.024626117199659348,8.585043907165527,8.560417175292969,0.2662754952907562,,
3755,-0.03148147463798523,8.6271333694458,8.658615112304688,0.26945599913597107,,
3756,-0.03073757514357567,8.530647277832031,8.561384201049805,0.2827325463294983,,
3757,-0.05210807919502258,8.616257667541504,8.668366432189941,0.2770497798919678,,
3758,-0.02225710079073906,8.529462814331055,8.551719665527344,0.2782982587814331,,
3759,-0.10575006902217865,8.651739120483398,8.757489204406738,0.2756199538707733,,
3760,-0.027167974039912224,8.591163635253906,8.618331909179688,0.26733389496803284,,
3761,0.013196619227528572,8.789822578430176,8.776626586914062,0.26469552516937256,,
3762,-0.016247589141130447,8.671672821044922,8.687920570373535,0.2699785828590393,,
3763,-0.0021127965301275253,8.520886421203613,8.522998809814453,0.25780612230300903,,
3764,0.02228371612727642,8.568573951721191,8.54629135131836,0.2562469244003296,,
3765,0.01404218003153801,8.5507173538208,8.536675453186035,0.2564409673213959,,
3766,-0.024997245520353317,8.563983917236328,8.588981628417969,0.24231325089931488,,
3767,-0.03625129163265228,8.704765319824219,8.741016387939453,0.25131216645240784,,
3768,-0.026304982602596283,8.699433326721191,8.725738525390625,0.25702232122421265,,
3769,-0.08264268934726715,8.491310119628906,8.573952674865723,0.2584993541240692,,
3770,-0.04721479117870331,8.58603286743164,8.633247375488281,0.25412580370903015,,
3771,-0.10293813049793243,8.577494621276855,8.680432319641113,0.25606921315193176,,
3772,-0.11738768219947815,8.578531265258789,8.695919036865234,0.23768550157546997,,
3773,-0.12955772876739502,8.587930679321289,8.717489242553711,0.24801616370677948,,
3774,-0.08111230283975601,8.590705871582031,8.671817779541016,0.24499192833900452,,
3775,-0.07378119975328445,8.522920608520508,8.596702575683594,0.2454853057861328,9.947647094726562,-1.3509455919265747
3776,-0.03748307377099991,8.472028732299805,8.509511947631836,0.2538606822490692,,
3777,-0.002889920026063919,8.523271560668945,8.526161193847656,0.24772119522094727,,
3778,0.006002573296427727,8.675836563110352,8.66983413696289,0.26604175567626953,,
3779,0.058681607246398926,8.509049415588379,8.450368881225586,0.27229467034339905,,
3780,0.005502104759216309,8.515304565429688,8.509803771972656,0.25825783610343933,,
3781,-0.03050113469362259,8.71420669555664,8.744709014892578,0.2684308588504791,,
3782,-0.0024704374372959137,8.527626037597656,8.530096054077148,0.2715291678905487,,
3783,-0.026618273928761482,8.52186393737793,8.548482894897461,0.26750484108924866,,
3784,-0.01570006273686886,8.628469467163086,8.644170761108398,0.28911834955215454,,
3785,-0.018213586881756783,8.560502052307129,8.578716278076172,0.2676636874675751,,
3786,-0.0017169192433357239,8.542978286743164,8.544695854187012,0.2654111981391907,,
3787,-0.015508227050304413,8.620967864990234,8.636476516723633,0.2646711468696594,,
3788,-0.0017238426953554153,8.628641128540039,8.630364418029785,0.2430380880832672,,
3789,-0.011399712413549423,8.662284851074219,8.673684120178223,0.2487713247537613,,
3790,0.018283309414982796,8.653038024902344,8.634754180908203,0.25094741582870483,,
3791,-0.021772395819425583,8.564946174621582,8.586719512939453,0.24932372570037842,,
3792,0.013891467824578285,8.746681213378906,8.732789993286133,0.24605846405029297,,
3793,-0.020255932584404945,8.586408615112305,8.606664657592773,0.242810919880867,,
3794,-0.01437772624194622,8.657852172851562,8.67223072052002,0.24543070793151855,,
3795,0.0244574174284935,8.583187103271484,8.55872917175293,0.2529376149177551,,
3796,0.04663889855146408,8.672171592712402,8.625533103942871,0.2575814425945282,,
3797,-0.06471667438745499,8.558189392089844,8.622905731201172,0.26794564723968506,,
3798,-0.06476978212594986,8.454834938049316,8.51960563659668,0.27262330055236816,,
3799,0.019389506429433823,8.677000045776367,8.657609939575195,0.2550521492958069,,
3800,0.002802787348628044,8.63470458984375,8.631901741027832,0.2587583065032959,10.137823104858398,-1.5059219598770142
3801,-0.11222190409898758,8.46150016784668,8.573722839355469,0.25925856828689575,,
3802,-0.03126119077205658,8.448175430297852,8.479435920715332,0.24919196963310242,,
3803,-0.086614690721035,8.541573524475098,8.628188133239746,0.2750984728336334,,
3804,-0.10636553913354874,8.431228637695312,8.537593841552734,0.26697835326194763,,
3805,-0.12031763792037964,8.49710464477539,8.617422103881836,0.2616209089756012,,
3806,-0.15441827476024628,8.43923282623291,8.593650817871094,0.2658894658088684,,
3807,-0.13784946501255035,8.454463958740234,8.592313766479492,0.2640431821346283,,
3808,-0.14357757568359375,8.493279457092285,8.636857986450195,0.2631903886795044,,
3809,-0.12749576568603516,8.594290733337402,8.721785545349121,0.2570153474807739,,
3810,-0.10273575782775879,8.470510482788086,8.573246955871582,0.2577046751976013,,
3811,-0.1179097518324852,8.464780807495117,8.582691192626953,0.26810526847839355,,
3812,-0.16157841682434082,8.47391128540039,8.635490417480469,0.27297884225845337,,
3813,-0.11531828343868256,8.616357803344727,8.73167610168457,0.2856549918651581,,
3814,-0.05328766256570816,8.500773429870605,8.554060935974121,0.2988305985927582,,
3815,-0.14702528715133667,8.556899070739746,8.703924179077148,0.3047134578227997,,
3816,-0.13912370800971985,8.442732810974121,8.581855773925781,0.3118033707141876,,
3817,-0.17340369522571564,8.520048141479492,8.693451881408691,0.3042982220649719,,
3818,-0.1258595585823059,8.464370727539062,8.590230941772461,0.29617205262184143,,
3819,-0.0900486558675766,8.519224166870117,8.609272003173828,0.2822395861148834,,
3820,-0.22185395658016205,8.406665802001953,8.628519058227539,0.27993521094322205,,
3821,-0.19089892506599426,8.393318176269531,8.584217071533203,0.28141793608665466,,
3822,-0.19187042117118835,8.436164855957031,8.628034591674805,0.2834259867668152,,
3823,-0.19744065403938293,8.49247932434082,8.689920425415039,0.2845560312271118,,
3824,-0.1933644413948059,8.493210792541504,8.686574935913086,0.2743797302246094,,
3825,-0.16218768060207367,8.485420227050781,8.647608757019043,0.27695006132125854,10.10999584197998,-1.4623875617980957
3826,-0.1325337290763855,8.421548843383789,8.554083824157715,0.28473860025405884,,
3827,-0.14754489064216614,8.632713317871094,8.780258178710938,0.2867245376110077,,
3828,-0.13589388132095337,8.607660293579102,8.743553161621094,0.27525612711906433,,
3829,-0.24877257645130157,8.503955841064453,8.752727508544922,0.2888437807559967,,
3830,-0.21337218582630157,8.512410163879395,8.72578239440918,0.28679585456848145,,
3831,-0.22191938757896423,8.4761323928833,8.698052406311035,0.278277188539505,,
3832,-0.17674128711223602,8.544490814208984,8.721231460571289,0.2804432809352875,,
3833,-0.22751903533935547,8.525099754333496,8.752618789672852,0.27521130442619324,,
3834,-0.16220711171627045,8.533601760864258,8.695808410644531,0.2689321041107178,,
3835,-0.24597331881523132,8.403491973876953,8.649465560913086,0.27263274788856506,,
3836,-0.21074558794498444,8.381044387817383,8.591789245605469,0.2682685852050781,,
3837,-0.16538472473621368,8.611680030822754,8.77706527709961,0.26087096333503723,,
3838,-0.18659767508506775,8.508657455444336,8.695255279541016,0.25891733169555664,,
3839,-0.19738957285881042,8.579244613647461,8.776634216308594,0.24619761109352112,,
3840,-0.178672194480896,8.592403411865234,8.771076202392578,0.254732221364975,,
3841,-0.17021073400974274,8.60890007019043,8.779111862182617,0.23922431468963623,,
3842,-0.21291016042232513,8.556938171386719,8.769848823547363,0.2537286579608917,,
3843,-0.23055079579353333,8.512374877929688,8.742925643920898,0.25388792157173157,,
3844,-0.14735358953475952,8.643117904663086,8.790471076965332,0.25160497426986694,,
3845,-0.18264715373516083,8.432186126708984,8.614831924438477,0.257627934217453,,
3846,-0.12565046548843384,8.414968490600586,8.540620803833008,0.2673874497413635,,
3847,-0.1357119381427765,8.557608604431152,8.693320274353027,0.26593437790870667,,
3848,-0.10637598484754562,8.44546127319336,8.551837921142578,0.2658105492591858,,
3849,-0.15811653435230255,8.407024383544922,8.565141677856445,0.26409822702407837,,
3850,-0.13263067603111267,8.499629974365234,8.632261276245117,0.26517173647880554,10.069013595581055,-1.4367518424987793
3851,-0.06752745062112808,8.504312515258789,8.5718412399292,0.261593222618103,,
3852,-0.05133580416440964,8.515742301940918,8.56707763671875,0.2767503261566162,,
3853,-0.07571975886821747,8.488959312438965,8.564679145812988,0.27077800035476685,,
3854,-0.1181342750787735,8.636474609375,8.754609107971191,0.2709614634513855,,
3855,-0.0999290943145752,8.48425006866455,8.584178924560547,0.257428377866745,,
3856,-0.055230289697647095,8.57596206665039,8.631193161010742,0.2582322061061859,,
3857,-0.11450767517089844,8.647788047790527,8.762296676635742,0.2538715600967407,,
3858,-0.07885286957025528,8.528484344482422,8.607337951660156,0.26293686032295227,,
3859,-0.06750386953353882,8.49792766571045,8.565431594848633,0.2629532814025879,,
3860,-0.08088002353906631,8.526546478271484,8.607427597045898,0.2578023374080658,,
3861,-0.04896827042102814,8.57467269897461,8.623641014099121,0.2584102153778076,,
3862,-0.10944049060344696,8.5797758102417,8.689216613769531,0.26291459798812866,,
3863,-0.10320490598678589,8.625213623046875,8.728418350219727,0.25380969047546387,,
3864,-0.0805933028459549,8.521464347839355,8.602058410644531,0.2691107988357544,,
3865,-0.08544939756393433,8.51683521270752,8.602285385131836,0.2628058195114136,,
3866,-0.11433098465204239,8.469402313232422,8.583732604980469,0.2662802040576935,,
3867,-0.12076270580291748,8.53696060180664,8.657724380493164,0.26232418417930603,,
3868,-0.06408413499593735,8.463214874267578,8.527299880981445,0.25954627990722656,,
3869,-0.03258030116558075,8.50607681274414,8.538657188415527,0.25524628162384033,,
3870,0.003870701417326927,8.509727478027344,8.505857467651367,0.24568454921245575,,
3871,0.01099555753171444,8.517253875732422,8.506258964538574,0.25584033131599426,,
3872,0.025536617264151573,8.579195022583008,8.553658485412598,0.24870985746383667,,
3873,0.010375002399086952,8.494832992553711,8.484458923339844,0.247563436627388,,
3874,0.013866044580936432,8.46822452545166,8.454358100891113,0.24908725917339325,,
3875,-0.06154797598719597,8.4559326171875,8.51747989654541,0.2522916793823242,10.148289680480957,-1.6308096647262573
3876,-0.02663225494325161,8.567773818969727,8.594406127929688,0.24802818894386292,,
3877,-0.03738400340080261,8.555072784423828,8.592456817626953,0.2528328597545624,,
3878,-0.014244245365262032,8.473800659179688,8.488045692443848,0.25205308198928833,,
3879,-0.03282500430941582,8.562921524047852,8.595747947692871,0.24172388017177582,,
3880,0.0046075209975242615,8.595541000366211,8.590932846069336,0.25180500745773315,,
3881,-0.04524240642786026,8.501667022705078,8.54690933227539,0.2591351866722107,,
3882,0.010256500914692879,8.589925765991211,8.579669952392578,0.2542973458766937,,
3883,-0.05406364053487778,8.581954002380371,8.636016845703125,0.2620205581188202,,
3884,-0.06555138528347015,8.589178085327148,8.654727935791016,0.25840887427330017,,
3885,-0.0164916031062603,8.520408630371094,8.53689956665039,0.2534993290901184,,
3886,-0.04405924677848816,8.419065475463867,8.463125228881836,0.25970855355262756,,
3887,-0.053009048104286194,8.474466323852539,8.527475357055664,0.2548869848251343,,
3888,-0.03530826419591904,8.57265853881836,8.607966423034668,0.26813971996307373,,
3889,-0.04756636172533035,8.606476783752441,8.654043197631836,0.2578161656856537,,
3890,-0.0011196918785572052,8.494553565979004,8.495672225952148,0.269500732421875,,
3891,-0.001906510442495346,8.516016960144043,8.517923355102539,0.27316156029701233,,
3892,-0.05097466707229614,8.59243106842041,8.64340591430664,0.25937315821647644,,
3893,-0.06931028515100479,8.54038143157959,8.609692573547363,0.2702895998954773,,
3894,-0.04393921047449112,8.49327278137207,8.537212371826172,0.26480913162231445,,
3895,-0.08855469524860382,8.472930908203125,8.561485290527344,0.26791998744010925,,
3896,-0.06593704223632812,8.477093696594238,8.543031692504883,0.27363911271095276,,
3897,-0.03492029011249542,8.528997421264648,8.563919067382812,0.27247077226638794,,
3898,-0.016516465693712234,8.454632759094238,8.471148490905762,0.2779902517795563,,
3899,-0.005376741290092468,8.684516906738281,8.689892768859863,0.2801840007305145,,
3900,-0.049072325229644775,8.439311981201172,8.488385200500488,0.29022839665412903,9.971633911132812,-1.4832496643066406
3901,-0.10581112653017044,8.536959648132324,8.642770767211914,0.2937823534011841,,
3902,-0.12118355929851532,8.459176063537598,8.580358505249023,0.2862745523452759,,
3903,-0.16413290798664093,8.425956726074219,8.590087890625,0.28309008479118347,,
3904,-0.1590399593114853,8.558107376098633,8.717147827148438,0.28928130865097046,,
3905,-0.11560287326574326,8.553630828857422,8.669233322143555,0.28082436323165894,,
3906,-0.1761607825756073,8.43876838684082,8.614928245544434,0.2853553891181946,,
3907,-0.08709707111120224,8.461263656616211,8.548360824584961,0.27902209758758545,,
3908,-0.13011740148067474,8.563626289367676,8.693742752075195,0.26838624477386475,,
3909,-0.16554856300354004,8.509552001953125,8.675100326538086,0.2715120017528534,,
3910,-0.15729010105133057,8.531768798828125,8.689058303833008,0.2659427225589752,,
3911,-0.1306612342596054,8.469230651855469,8.599892616271973,0.26940804719924927,,
3912,-0.14120879769325256,8.585062026977539,8.726271629333496,0.26364439725875854,,
3913,-0.16576820611953735,8.450895309448242,8.616662979125977,0.27059096097946167,,
3914,-0.11551227420568466,8.550677299499512,8.666189193725586,0.25598084926605225,,
3915,-0.22849413752555847,8.508952140808105,8.737446784973145,0.27638858556747437,,
3916,-0.2513231337070465,8.527917861938477,8.779240608215332,0.27863040566444397,,
3917,-0.21212276816368103,8.520353317260742,8.732477188110352,0.27678483724594116,,
3918,-0.19896864891052246,8.51734447479248,8.716312408447266,0.26415547728538513,,
3919,-0.15899956226348877,8.508299827575684,8.667299270629883,0.27346131205558777,,
3920,-0.19487112760543823,8.477651596069336,8.672523498535156,0.276694655418396,,
3921,-0.17013713717460632,8.560531616210938,8.730669021606445,0.27503249049186707,,
3922,-0.12705272436141968,8.485313415527344,8.61236572265625,0.27503475546836853,,
3923,-0.15201202034950256,8.421476364135742,8.573487281799316,0.2903972268104553,,
3924,-0.19569659233093262,8.468400001525879,8.66409683227539,0.29558196663856506,,
3925,-0.20180942118167877,8.320547103881836,8.522356986999512,0.30372387170791626,9.91795539855957,-1.3955986499786377
3926,-0.11146576702594757,8.532459259033203,8.643924713134766,0.29567188024520874,,
3927,-0.13618716597557068,8.433130264282227,8.569316864013672,0.29052212834358215,,
3928,-0.10735831409692764,8.489516258239746,8.59687614440918,0.2877044677734375,,
3929,-0.11047002673149109,8.580001831054688,8.690471649169922,0.29238060116767883,,
3930,-0.07469358295202255,8.500385284423828,8.575078964233398,0.2834024727344513,,
3931,-0.10261712968349457,8.408562660217285,8.511180877685547,0.2781120240688324,,
3932,-0.10399989783763885,8.488696098327637,8.592695236206055,0.28217002749443054,,
3933,-0.19554510712623596,8.546055793762207,8.74160099029541,0.26958176493644714,,
3934,-0.20087912678718567,8.509827613830566,8.71070671081543,0.2656826972961426,,
3935,-0.18777887523174286,8.511332511901855,8.699111938476562,0.27321553230285645,,
3936,-0.1751970648765564,8.40804386138916,8.583240509033203,0.2783263623714447,,
3937,-0.17892150580883026,8.462892532348633,8.641814231872559,0.27397722005844116,,
3938,-0.17010387778282166,8.560277938842773,8.73038101196289,0.2697257101535797,,
3939,-0.16526198387145996,8.517282485961914,8.682544708251953,0.2902059555053711,,
3940,-0.16096830368041992,8.572341918945312,8.73331069946289,0.28001418709754944,,
3941,-0.1411440521478653,8.549444198608398,8.69058895111084,0.27498188614845276,,
3942,-0.14858347177505493,8.534002304077148,8.682584762573242,0.27660849690437317,,
3943,-0.11412158608436584,8.512189865112305,8.626312255859375,0.27354520559310913,,
3944,-0.11159388720989227,8.426679611206055,8.538273811340332,0.2767076790332794,,
3945,-0.09606028348207474,8.519513130187988,8.61557388305664,0.2702843248844147,,
3946,-0.16638776659965515,8.478371620178223,8.644760131835938,0.2633759081363678,,
3947,-0.2126186490058899,8.377206802368164,8.589825630187988,0.26289811730384827,,
3948,-0.16072069108486176,8.452858924865723,8.613578796386719,0.2544965445995331,,
3949,-0.18268291652202606,8.485771179199219,8.668453216552734,0.2612186670303345,,
3950,-0.17050038278102875,8.448606491088867,8.61910629272461,0.2591989040374756,9.947736740112305,-1.328630805015564
3951,-0.11035935580730438,8.518562316894531,8.628922462463379,0.25332990288734436,,
3952,-0.10063698142766953,8.560455322265625,8.661091804504395,0.2618752121925354,,
3953,-0.05428994446992874,8.565207481384277,8.619497299194336,0.2518113851547241,,
3954,-0.0063469745218753815,8.535972595214844,8.542319297790527,0.24722148478031158,,
3955,-0.07384615391492844,8.64293098449707,8.716777801513672,0.24437354505062103,,
3956,-0.1312035769224167,8.361227035522461,8.492429733276367,0.23941028118133545,,
3957,-0.17871275544166565,8.45690631866455,8.635619163513184,0.2415972501039505,,
3958,-0.21225333213806152,8.513671875,8.72592544555664,0.24581094086170197,,
3959,-0.2544444799423218,8.556039810180664,8.810483932495117,0.26588141918182373,,
3960,-0.27275776863098145,8.50436019897461,8.777117729187012,0.2762182652950287,,
3961,-0.29787397384643555,8.71838092803955,9.016254425048828,0.2848834693431854,,
3962,-0.3018471300601959,8.470281600952148,8.772128105163574,0.29919373989105225,,
3963,-0.20869198441505432,8.472551345825195,8.681243896484375,0.27931493520736694,,
3964,-0.15916317701339722,8.694683074951172,8.853846549987793,0.25390931963920593,,
3965,-0.11161191016435623,8.61981201171875,8.731424331665039,0.25043195486068726,,
3966,-0.06209675967693329,8.539324760437012,8.601421356201172,0.24480849504470825,,
3967,-0.1570618748664856,8.48085880279541,8.637920379638672,0.24376650154590607,,
3968,-0.08770470321178436,8.465913772583008,8.553618431091309,0.23238199949264526,,
3969,-0.08262769132852554,8.591890335083008,8.674518585205078,0.245163694024086,,
3970,-0.04058516398072243,8.620097160339355,8.660682678222656,0.23848864436149597,,
3971,-0.0396273210644722,8.571417808532715,8.611044883728027,0.24259796738624573,,
3972,0.014893312007188797,8.639777183532715,8.624883651733398,0.24056659638881683,,
3973,-0.03955052047967911,8.520182609558105,8.559734344482422,0.25541219115257263,,
3974,-0.03073900192975998,8.558244705200195,8.588983535766602,0.24871401488780975,,
3975,-0.05393669754266739,8.708391189575195,8.762327194213867,0.2558857202529907,10.256805419921875,-1.4944775104522705
3976,-0.03984545171260834,8.536653518676758,8.576498985290527,0.24821238219738007,,
3977,-0.0772518441081047,8.466435432434082,8.54368782043457,0.24949093163013458,,
3978,-0.06356264650821686,8.662616729736328,8.726179122924805,0.2527219355106354,,
3979,-0.0704393982887268,8.571372032165527,8.64181137084961,0.2610114812850952,,
3980,-0.08029072731733322,8.55865478515625,8.638945579528809,0.26462289690971375,,
3981,-0.07036013901233673,8.585911750793457,8.656271934509277,0.26670897006988525,,
3982,-0.07360696792602539,8.646286010742188,8.719893455505371,0.2677081823348999,,
3983,-0.10065212845802307,8.415882110595703,8.516533851623535,0.26991793513298035,,
3984,-0.15079256892204285,8.56171703338623,8.712509155273438,0.28193220496177673,,
3985,-0.08932219445705414,8.560940742492676,8.650263786315918,0.28466662764549255,,
3986,-0.09479363262653351,8.537607192993164,8.632400512695312,0.2875247597694397,,
3987,-0.04264421761035919,8.620527267456055,8.663171768188477,0.2831195294857025,,
3988,-0.07239839434623718,8.52409839630127,8.59649658203125,0.2871987819671631,,
3989,-0.09327083826065063,8.592916488647461,8.686186790466309,0.27647164463996887,,
3990,-0.08696301281452179,8.561034202575684,8.64799690246582,0.2891676723957062,,
3991,-0.09021798521280289,8.617429733276367,8.707647323608398,0.2742079496383667,,
3992,-0.056085601449012756,8.54333782196045,8.5994234085083,0.2765565514564514,,
3993,-0.035986561328172684,8.486177444458008,8.522163391113281,0.27906566858291626,,
3994,-0.05077909305691719,8.54643726348877,8.597216606140137,0.2706694006919861,,
3995,-0.061018913984298706,8.483654022216797,8.544672966003418,0.2762393057346344,,
3996,0.008782777935266495,8.603948593139648,8.595166206359863,0.26647141575813293,,
3997,-0.09366931021213531,8.525968551635742,8.619637489318848,0.2641489505767822,,
3998,-0.0034356247633695602,8.582925796508789,8.586360931396484,0.2591930627822876,,
3999,-0.10482160747051239,8.50259017944336,8.607412338256836,0.2673545777797699,,
4000,-0.05410975217819214,8.64232063293457,8.696430206298828,0.26637181639671326,10.226509094238281,-1.5300791263580322
4001,-0.050345540046691895,8.52649211883545,8.576837539672852,0.26952943205833435,,
